{"validation_loss": 2.09375, "validation_perplexity": 8.115290514356445, "test_loss": 2.109375, "test_perplexity": 8.243087744472826}