{"validation_loss": 2.1875, "validation_perplexity": 8.912902981198737, "test_loss": 2.203125, "test_perplexity": 9.053260780008058}