{"validation_loss": 1.78125, "validation_perplexity": 5.937273373745607, "test_loss": 1.7890625, "test_perplexity": 5.983839985957149}