{"validation_loss": 1.9921875, "validation_perplexity": 7.331554008170247, "test_loss": 2.0, "test_perplexity": 7.38905609893065}