{"validation_loss": 1.8515625, "validation_perplexity": 6.369764508102507, "test_loss": 1.859375, "test_perplexity": 6.419723190321737}