{"validation_loss": 2.390625, "validation_perplexity": 10.920317008742302, "test_loss": 2.40625, "test_perplexity": 11.092286978670202}