{"validation_loss": 2.109375, "validation_perplexity": 8.243087744472826, "test_loss": 2.125, "test_perplexity": 8.372897488127265}