{"validation_loss": 1.9140625, "validation_perplexity": 6.780579023486763, "test_loss": 1.921875, "test_perplexity": 6.833759763883972}