{"validation_loss": 1.8984375, "validation_perplexity": 6.67545588945633, "test_loss": 1.921875, "test_perplexity": 6.833759763883972}