{"validation_loss": 2.0, "validation_perplexity": 7.38905609893065, "test_loss": 2.015625, "test_perplexity": 7.505416801107283}