{"validation_loss": 1.8359375, "validation_perplexity": 6.271010462790426, "test_loss": 1.8515625, "test_perplexity": 6.369764508102507}