{"validation_loss": 1.7890625, "validation_perplexity": 5.983839985957149, "test_loss": 1.796875, "test_perplexity": 6.030771824634841}