{"validation_loss": 2.0625, "validation_perplexity": 7.865609273944892, "test_loss": 2.078125, "test_perplexity": 7.9894745966477085}