{"validation_loss": 2.5625, "validation_perplexity": 12.968197316969134, "test_loss": 2.578125, "test_perplexity": 13.172416709211404}