{"validation_loss": 2.40625, "validation_perplexity": 11.092286978670202, "test_loss": 2.421875, "test_perplexity": 11.26696508157019}