{"validation_loss": 1.921875, "validation_perplexity": 6.833759763883972, "test_loss": 1.9296875, "test_perplexity": 6.887357605997627}