{"validation_loss": 1.78125, "validation_perplexity": 5.937273373745607, "test_loss": 1.796875, "test_perplexity": 6.030771824634841}