{"validation_loss": 1.875, "validation_perplexity": 6.5208191203301125, "test_loss": 1.8828125, "test_perplexity": 6.571962538556527}