{"validation_loss": 2.59375, "validation_perplexity": 13.379852088930456, "test_loss": 2.609375, "test_perplexity": 13.59055410055989}