{"validation_loss": 1.90625, "validation_perplexity": 6.727812138894691, "test_loss": 1.9140625, "test_perplexity": 6.780579023486763}